{"cameraMode":{"drawMode":0,"name":"Shaded","section":"Shading Mode"},"sceneLighting":true,"audioPlay":false,"sceneViewState":{"showFog":true,"showMaterialUpdate":true,"showSkybox":true,"showFlares":true,"showImageEffects":true,"showParticleSystems":true},"in2DMode":false,"pivot":{"x":-0.012352675199508667,"y":13.102701187133789,"z":0.3966803550720215},"rotation":{"x":-0.0512714646756649,"y":0.024562368169426919,"z":-0.0012613831786438823,"w":-0.9983848929405212},"size":21.747575759887697,"orthographic":false}