{"cameraMode":{"drawMode":0,"name":"Shaded","section":"Shading Mode"},"sceneLighting":true,"audioPlay":false,"sceneViewState":{"showFog":true,"showMaterialUpdate":false,"showSkybox":false,"showFlares":true,"showImageEffects":true,"showParticleSystems":true},"in2DMode":false,"pivot":{"x":3.1700000762939455,"y":1.6099998950958253,"z":-3.3999998569488527},"rotation":{"x":-0.39534956216812136,"y":0.03773039951920509,"z":-0.016261428594589235,"w":-0.9176167249679565},"size":40.010372161865237,"orthographic":false}