{"cameraMode":{"drawMode":0,"name":"Shaded","section":"Shading Mode"},"sceneLighting":false,"audioPlay":false,"sceneViewState":{"showFog":true,"showMaterialUpdate":false,"showSkybox":false,"showFlares":true,"showImageEffects":true,"showParticleSystems":true},"in2DMode":false,"pivot":{"x":0.17609968781471253,"y":0.972309947013855,"z":-0.6189604997634888},"rotation":{"x":-0.5277782082557678,"y":-0.10364855080842972,"z":-0.06507433205842972,"w":0.840529203414917},"size":1.1236121654510499,"orthographic":false}