{"cameraMode":{"drawMode":0,"name":"Shaded","section":"Shading Mode"},"sceneLighting":false,"audioPlay":false,"sceneViewState":{"showFog":true,"showMaterialUpdate":false,"showSkybox":false,"showFlares":true,"showImageEffects":true,"showParticleSystems":true},"in2DMode":false,"pivot":{"x":0.35999998450279238,"y":-0.5869910717010498,"z":1.27680504322052},"rotation":{"x":0.15574778616428376,"y":-0.560208261013031,"z":0.10822177678346634,"w":0.8063570261001587},"size":4.435885429382324,"orthographic":false}